point,intercept_rmse,cos_rmse,sin_rmse,sum_rmse
total,0.014349871322529597,0.018491596526120486,0.005305138226113378,0.03814660607476346
1,0.028895539294168087,0.03821208956230466,0.009081965836689063,0.0761895946931618
0,0.007822785728767932,0.0070740483172299674,0.002465379257232066,0.017362213303229967
2,0.007695625474260221,0.008293348431101842,0.003347013019377491,0.019335986924739555
4,0.0070505948546673814,0.008591286106449708,0.005629983850569506,0.021271864811686594
3,0.0049509926239103205,0.007543204686969852,0.0030435251503008374,0.01553772246118101
