{
    "q1": 0.00070531606,
    "q5": 0.00026831817,
    "q9": 0.00417308787,
    "r": 0.00124919674,
    "optimized_Q1": 0.0,
    "optimized_Q5": 0.04779370501637459,
    "optimized_Q9": 0.1961936205625534,
    "optimized_R": 0.03269891068339348,
    "final_loss": 0.0001751558239152212
}