{
    "process noise (Q)": [
        [
            -5.885078e-05,
            0.0,
            0.0
        ],
        [
            0.0,
            0.00191094181,
            0.0
        ],
        [
            0.0,
            0.0,
            0.00390310624
        ]
    ],
    "measurement noise (R)": [
        [
            0.00134561545
        ]
    ],
    "initial state covariance matrix (P)": [
        [
            0.00101,
            0.0,
            0.0
        ],
        [
            0.0,
            0.00222,
            0.0
        ],
        [
            0.0,
            0.0,
            0.00333
        ]
    ]
}