{
    "q1": 0.00070531606,
    "q5": 0.00026831817,
    "q9": 0.00417308787,
    "r": 0.00124919674,
    "p1": 0.00101,
    "p5": 0.00222,
    "p9": 0.00333,
    "optimized_Q1": 0.007881198078393936,
    "optimized_Q5": 0.0011988957412540913,
    "optimized_Q9": 0.027922198176383972,
    "optimized_R": 0.034721508622169495,
    "optimized_P1": 0.0010100000072270632,
    "optimized_P5": 0.002219999907538295,
    "optimized_P9": 0.003329999977722764,
    "final_loss": 0.0003306807066192987
}