{
    "process noise (Q)": [
        [
            0.00098032187,
            0.0,
            0.0
        ],
        [
            0.0,
            1e-38,
            0.0
        ],
        [
            0.0,
            0.0,
            0.00225314669
        ]
    ],
    "measurement noise (R)": [
        [
            0.01639998143
        ]
    ],
    "initial state covariance matrix (P)": [
        [
            0.00101,
            0.0,
            0.0
        ],
        [
            0.0,
            0.00222,
            0.0
        ],
        [
            0.0,
            0.0,
            0.00333
        ]
    ]
}