Run,Q1,Q2,Q3,R
Default Parameters,0.00125,0.000125,0.000125,0.003
Start from default parameters,0.0004906603,0.00079880106,0.00360543051,0.00153991668
Start from default parameters increased by factor of 10,0.00910575844,0.0040592418,-0.0002961072,0.03138726189
Start from default parameters increased by factor of 100,0.08029657857,0.03822073131,0.00091563198,0.31687390698
Start far from default parameters,1.3047579301,1.6275268479,1.2698000096,1.5015235251
