Run,Q1,Q2,Q3,R
Default Parameters,0.00125,0.000125,0.000125,0.003
Start from default parameters,0.00062888688,0.00111698687,0.00444025473,-0.0002198341
