{
  "process noise (Q)": [
    [0.00063, 0.0, 0.0],
    [0.0, 0.0011, 0.0],
    [0.0, 0.0, 0.0044]
  ],
  "measurement noise (R)": [[-0.00022]],
  "initial state covariance matrix (P)": [
    [0.00101, 0.0, 0.0],
    [0.0, 0.00222, 0.0],
    [0.0, 0.0, 0.00333]
  ]
}
