{
    "q1": 0.00070531606,
    "q5": 0.00026831817,
    "q9": 0.00417308787,
    "r": 0.00124919674,
    "p1": 0.00101,
    "p5": 0.00222,
    "p9": 0.00333,
    "adaptive_threshold": 0.1,
    "adaptive_scale_factor": 10.0,
    "optimized_Q1": 0.0070458753034472466,
    "optimized_Q5": 0.0009866211330518126,
    "optimized_Q9": 0.0004214563814457506,
    "optimized_R": 0.0011247956426814198,
    "optimized_P1": 0.022361334413290024,
    "optimized_P5": 0.01862487569451332,
    "optimized_P9": 0.013312922790646553,
    "optimized_adaptive_threshold": 0.10000000149011612,
    "optimized_adaptive_scale_factor": 10.051590919494629,
    "final_loss": 0.00023202412157732817
}