{
    "q1": 0.00125,
    "q5": 0.000125,
    "q9": 0.000125,
    "r": 0.003,
    "optimized_Q1": 0.0,
    "optimized_Q5": 0.04122018441557884,
    "optimized_Q9": 0.051983434706926346,
    "optimized_R": 0.1764066070318222,
    "final_loss": 0.00012507736817069537
}