run,intercept_rmse,cos_rmse,sin_rmse,sum_rmse
15 points - initial params v2,0.05761535894731525,0.0328706865721906,0.03673815000155739,0.12722419552106323
15 points - initial params v1,0.06031063925123015,0.031547273440169304,0.017949614859429676,0.10980752755082912
