{
  "process noise (Q)": [
    [0.00042543054, 0.0, 0.0],
    [0.0, 0.00075, 0.0],
    [0.0, 0.0, -5.061065e-5]
  ],
  "measurement noise (R)": [[0.00343873177]],
  "initial state covariance matrix (P)": [
    [0.00101, 0.0, 0.0],
    [0.0, 0.00222, 0.0],
    [0.0, 0.0, 0.00333]
  ],
  "initial state matrix (X0)": [[0.0694202], [-0.00617829], [0.006266787]]
}
