{
    "process noise (Q)": [
        [
            5.0,
            0.0,
            0.0
        ],
        [
            0.0,
            0.31015704581,
            0.0
        ],
        [
            0.0,
            0.0,
            1.04e-09
        ]
    ],
    "measurement noise (R)": [
        [
            0.77355642363
        ]
    ],
    "initial state covariance matrix (P)": [
        [
            0.00101,
            0.0,
            0.0
        ],
        [
            0.0,
            0.00222,
            0.0
        ],
        [
            0.0,
            0.0,
            0.00333
        ]
    ]
}