{
    "process noise (Q)": [
        [
            0.00140072116,
            0.0,
            0.0
        ],
        [
            0.0,
            0.0001968164,
            0.0
        ],
        [
            0.0,
            0.0,
            0.0001766355
        ]
    ],
    "measurement noise (R)": [
        [
            0.00344444038
        ]
    ],
    "initial state covariance matrix (P)": [
        [
            0.00101,
            0.0,
            0.0
        ],
        [
            0.0,
            0.00222,
            0.0
        ],
        [
            0.0,
            0.0,
            0.00333
        ]
    ],
    "initial state matrix (X0)": [
        [
            0.25
        ],
        [
            -0.015
        ],
        [
            -0.045
        ]
    ]
}