{
  "process noise (Q)": [
    [0.00062888688, 0.0, 0.0],
    [0.0, 0.00111698687, 0.0],
    [0.0, 0.0, 0.00444025473]
  ],
  "measurement noise (R)": [[-0.0002198341]],
  "initial state covariance matrix (P)": [
    [0.00101, 0.0, 0.0],
    [0.0, 0.00222, 0.0],
    [0.0, 0.0, 0.00333]
  ]
}
