{
    "process noise (Q)": [
        [
            0.04754831803,
            0.0,
            0.0
        ],
        [
            0.0,
            0.001296,
            0.0
        ],
        [
            0.0,
            0.0,
            0.62691615793
        ]
    ],
    "measurement noise (R)": [
        [
            1e-06
        ]
    ],
    "initial state covariance matrix (P)": [
        [
            0.00101,
            0.0,
            0.0
        ],
        [
            0.0,
            0.00222,
            0.0
        ],
        [
            0.0,
            0.0,
            0.00333
        ]
    ],
    "initial state matrix (X0)": [
        [
            0.06897550579
        ],
        [
            -0.0097681719
        ],
        [
            0.00665600943
        ]
    ]
}