{
  "process noise (Q)": [
    [0.00249950741, 0.0, 0.0],
    [0.0, 0.00040779295, 0.0],
    [0.0, 0.0, -0.0005]
  ],
  "measurement noise (R)": [[0.00197389854]],
  "initial state covariance matrix (P)": [
    [0.00505, 0.0, 0.0],
    [0.0, 0.00222, 0.0],
    [0.0, 0.0, 0.00333]
  ],
  "initial state matrix (X0)": [[0.29170171], [0.08117568], [0.09905824]]
}
