{
  "process noise (Q)": [
    [1e-2, 0.0, 0.0],
    [0.0, 1e-1, 0.0],
    [0.0, 0.0, 1.0]
  ],
  "measurement noise (R)": [[7.321e-1]],
  "initial state covariance matrix (P)": [
    [0.00101, 0.0, 0.0],
    [0.0, 0.00222, 0.0],
    [0.0, 0.0, 0.00333]
  ],
  "initial state matrix (X0)": [[0.25], [-0.015], [-0.045]]
}
