{
    "q1": 0.00125,
    "q5": 0.000125,
    "q9": 0.000125,
    "r": 0.003,
    "optimized_Q1": 0.0,
    "optimized_Q5": 0.019064780324697495,
    "optimized_Q9": 0.07683267444372177,
    "optimized_R": 0.012945222668349743,
    "final_loss": 0.00017518742570571099
}