{
    "process noise (Q)": [
        [
            0.001249999972060322,
            0.0,
            0.0
        ],
        [
            0.0,
            0.0001250000059371814,
            0.0
        ],
        [
            0.0,
            0.0,
            0.0001250000059371814
        ]
    ],
    "measurement noise (R)": [
        [
            0.017093559727072716
        ]
    ],
    "initial state covariance matrix (P)": [
        [
            0.00101,
            0.0,
            0.0
        ],
        [
            0.0,
            0.00222,
            0.0
        ],
        [
            0.0,
            0.0,
            0.00333
        ]
    ]
}