{
    "process noise (Q)": [
        [
            0.00645742284,
            0.0,
            0.0
        ],
        [
            0.0,
            0.00032860194,
            0.0
        ],
        [
            0.0,
            0.0,
            1e-38
        ]
    ],
    "measurement noise (R)": [
        [
            0.00687511374
        ]
    ],
    "initial state covariance matrix (P)": [
        [
            0.00101,
            0.0,
            0.0
        ],
        [
            0.0,
            0.00222,
            0.0
        ],
        [
            0.0,
            0.0,
            0.00333
        ]
    ]
}