{
    "process noise (Q)": [
        [
            -6.880348e-05,
            0.0,
            0.0
        ],
        [
            0.0,
            0.00160307088,
            0.0
        ],
        [
            0.0,
            0.0,
            0.00469918286
        ]
    ],
    "measurement noise (R)": [
        [
            -0.0001864891
        ]
    ],
    "initial state covariance matrix (P)": [
        [
            0.00101,
            0.0,
            0.0
        ],
        [
            0.0,
            0.00222,
            0.0
        ],
        [
            0.0,
            0.0,
            0.00333
        ]
    ]
}