{
    "process noise (Q)": [
        [
            0.00697569385,
            0.0,
            0.0
        ],
        [
            0.0,
            0.00168984131,
            0.0
        ],
        [
            0.0,
            0.0,
            0.00016364242
        ]
    ],
    "measurement noise (R)": [
        [
            -0.0086164866
        ]
    ],
    "initial state covariance matrix (P)": [
        [
            0.00101,
            0.0,
            0.0
        ],
        [
            0.0,
            0.00222,
            0.0
        ],
        [
            0.0,
            0.0,
            0.00333
        ]
    ],
    "initial state matrix (X0)": [
        [
            0.29170171
        ],
        [
            0.08117568
        ],
        [
            0.09905824
        ]
    ]
}