{
    "process noise (Q)": [
        [
            0.00070989529,
            0.0,
            0.0
        ],
        [
            0.0,
            0.000279737,
            0.0
        ],
        [
            0.0,
            0.0,
            0.0042489177
        ]
    ],
    "measurement noise (R)": [
        [
            0.00125
        ]
    ],
    "initial state covariance matrix (P)": [
        [
            0.00101,
            0.0,
            0.0
        ],
        [
            0.0,
            0.00222,
            0.0
        ],
        [
            0.0,
            0.0,
            0.00333
        ]
    ]
}