{
    "process noise (Q)": [
        [
            0.01489403506,
            0.0,
            0.0
        ],
        [
            0.0,
            0.00181117765,
            0.0
        ],
        [
            0.0,
            0.0,
            0.0195
        ]
    ],
    "measurement noise (R)": [
        [
            -0.0203892524
        ]
    ],
    "initial state covariance matrix (P)": [
        [
            0.00101,
            0.0,
            0.0
        ],
        [
            0.0,
            0.00222,
            0.0
        ],
        [
            0.0,
            0.0,
            0.00333
        ]
    ]
}