{
  "process noise (Q)": [
    [0.00116744248, 0.0, 0.0],
    [0.0, 0.00082424325, 0.0],
    [0.0, 0.0, -0.0001672681]
  ],
  "measurement noise (R)": [[0.00648856119]],
  "initial state covariance matrix (P)": [
    [0.00101, 0.0, 0.0],
    [0.0, 0.00222, 0.0],
    [0.0, 0.0, 0.00333]
  ]
}
