{
    "q1": 0.00070531606,
    "q5": 0.00026831817,
    "q9": 0.00417308787,
    "r": 0.00124919674,
    "optimized_Q1": 0.09219871461391449,
    "optimized_Q5": 0.0013834793353453279,
    "optimized_Q9": 0.0,
    "optimized_R": 0.012303536757826805,
    "final_loss": 0.00024002064211513217
}