{
    "process noise (Q)": [
        [
            0.00910575844,
            0.0,
            0.0
        ],
        [
            0.0,
            0.0040592418,
            0.0
        ],
        [
            0.0,
            0.0,
            -0.0002961072
        ]
    ],
    "measurement noise (R)": [
        [
            0.03138726189
        ]
    ],
    "initial state covariance matrix (P)": [
        [
            0.00101,
            0.0,
            0.0
        ],
        [
            0.0,
            0.00222,
            0.0
        ],
        [
            0.0,
            0.0,
            0.00333
        ]
    ]
}