{
  "process noise (Q)": [
    [-0.0006209083, 0.0, 0.0],
    [0.0, 0.00010923749, 0.0],
    [0.0, 0.0, 0.00813953171]
  ],
  "measurement noise (R)": [[-0.0047773989]],
  "initial state covariance matrix (P)": [
    [0.00505, 0.0, 0.0],
    [0.0, 0.00222, 0.0],
    [0.0, 0.0, 0.00333]
  ],
  "initial state matrix (X0)": [[0.0694202], [-0.00617829], [0.006266787]]
}
