{
    "q1": 0.00125,
    "q5": 0.000125,
    "q9": 0.000125,
    "r": 0.003,
    "optimized_Q1": 0.1356419026851654,
    "optimized_Q5": 0.0037721386179327965,
    "optimized_Q9": 0.0,
    "optimized_R": 0.023982174694538116,
    "final_loss": 0.00032319480227209165
}