{
    "process noise (Q)": [
        [
            0.05931455829,
            0.0,
            0.0
        ],
        [
            0.0,
            0.0058341595,
            0.0
        ],
        [
            0.0,
            0.0,
            0.16224484236
        ]
    ],
    "measurement noise (R)": [
        [
            0.1472546188
        ]
    ],
    "initial state covariance matrix (P)": [
        [
            0.00101,
            0.0,
            0.0
        ],
        [
            0.0,
            0.00222,
            0.0
        ],
        [
            0.0,
            0.0,
            0.00333
        ]
    ],
    "initial state matrix (X0)": [
        [
            0.06897550579
        ],
        [
            -0.0097681719
        ],
        [
            0.00665600943
        ]
    ]
}