{
    "process noise (Q)": [
        [
            0.0070531606,
            0.0,
            0.0
        ],
        [
            0.0,
            0.00026831817,
            0.0
        ],
        [
            0.0,
            0.0,
            0.00417308787
        ]
    ],
    "measurement noise (R)": [
        [
            0.00124919674
        ]
    ],
    "initial state covariance matrix (P)": [
        [
            0.00101,
            0.0,
            0.0
        ],
        [
            0.0,
            0.00222,
            0.0
        ],
        [
            0.0,
            0.0,
            0.00333
        ]
    ]
}