{
    "process noise (Q)": [
        [
            1.0,
            0.0,
            0.0
        ],
        [
            0.0,
            0.02715365287,
            0.0
        ],
        [
            0.0,
            0.0,
            6.458441e-21
        ]
    ],
    "measurement noise (R)": [
        [
            0.15001482279
        ]
    ],
    "initial state covariance matrix (P)": [
        [
            0.00101,
            0.0,
            0.0
        ],
        [
            0.0,
            0.00222,
            0.0
        ],
        [
            0.0,
            0.0,
            0.00333
        ]
    ]
}