{
  "process noise (Q)": [
    [0.00498157564, 0.0, 0.0],
    [0.0, 0.00075, 0.0],
    [0.0, 0.0, -0.0001097112]
  ],
  "measurement noise (R)": [[0.00247278793]],
  "initial state covariance matrix (P)": [
    [0.00101, 0.0, 0.0],
    [0.0, 0.00222, 0.0],
    [0.0, 0.0, 0.00333]
  ]
}
