{
  "process noise (Q)": [
    [0.00041149055, 0.0, 0.0],
    [0.0, 0.00066917333, 0.0],
    [0.0, 0.0, 0.00317050057]
  ],
  "measurement noise (R)": [[0.00189315393]],
  "initial state covariance matrix (P)": [
    [0.00101, 0.0, 0.0],
    [0.0, 0.00222, 0.0],
    [0.0, 0.0, 0.00333]
  ]
}
