{
  "process noise (Q)": [
    [-6.869378e-5, 0.0, 0.0],
    [0.0, 0.00159896811, 0.0],
    [0.0, 0.0, 0.00468991173]
  ],
  "measurement noise (R)": [[-0.0001860166]],
  "initial state covariance matrix (P)": [
    [0.00101, 0.0, 0.0],
    [0.0, 0.00222, 0.0],
    [0.0, 0.0, 0.00333]
  ]
}
