{
    "process noise (Q)": [
        [
            0.09274605615,
            0.0,
            0.0
        ],
        [
            0.0,
            2.862321e-24,
            0.0
        ],
        [
            0.0,
            0.0,
            2.862321e-24
        ]
    ],
    "measurement noise (R)": [
        [
            0.02372128243
        ]
    ],
    "initial state covariance matrix (P)": [
        [
            0.00101,
            0.0,
            0.0
        ],
        [
            0.0,
            0.00222,
            0.0
        ],
        [
            0.0,
            0.0,
            0.00333
        ]
    ]
}