{
    "process noise (Q)": [
        [
            0.9549227521,
            0.0,
            0.0
        ],
        [
            0.0,
            0.58169804299,
            0.0
        ],
        [
            0.0,
            0.0,
            0.41491484837
        ]
    ],
    "measurement noise (R)": [
        [
            0.60248220666
        ]
    ],
    "initial state covariance matrix (P)": [
        [
            0.00101,
            0.0,
            0.0
        ],
        [
            0.0,
            0.00222,
            0.0
        ],
        [
            0.0,
            0.0,
            0.00333
        ]
    ],
    "initial state matrix (X0)": [
        [
            0.25
        ],
        [
            -0.015
        ],
        [
            -0.045
        ]
    ]
}