{
    "process noise (Q)": [
        [
            1e-06,
            0.0,
            0.0
        ],
        [
            0.0,
            1e-06,
            0.0
        ],
        [
            0.0,
            0.0,
            1e-06
        ]
    ],
    "measurement noise (R)": [
        [
            1000.0
        ]
    ],
    "initial state covariance matrix (P)": [
        [
            0.00101,
            0.0,
            0.0
        ],
        [
            0.0,
            0.00222,
            0.0
        ],
        [
            0.0,
            0.0,
            0.00333
        ]
    ],
    "initial state matrix (X0)": [
        [
            0.08328512835
        ],
        [
            0.00442533301
        ],
        [
            0.01002583751
        ]
    ]
}