{
    "process noise (Q)": [
        [
            0.00439492627,
            0.0,
            0.0
        ],
        [
            0.0,
            7.145287e-05,
            0.0
        ],
        [
            0.0,
            0.0,
            -0.0003870672
        ]
    ],
    "measurement noise (R)": [
        [
            0.00021625891
        ]
    ],
    "initial state covariance matrix (P)": [
        [
            0.00101,
            0.0,
            0.0
        ],
        [
            0.0,
            0.00222,
            0.0
        ],
        [
            0.0,
            0.0,
            0.00333
        ]
    ]
}