{
    "q1": 0.00125,
    "q5": 0.000125,
    "q9": 0.000125,
    "r": 0.003,
    "optimized_Q1": 0.12253057956695557,
    "optimized_Q5": 0.0017143626464530826,
    "optimized_Q9": 0.0,
    "optimized_R": 0.016068333759903908,
    "final_loss": 0.00023994612765295233
}