{
    "process noise (Q)": [
        [
            -6.669319e-05,
            0.0,
            0.0
        ],
        [
            0.0,
            0.00152695478,
            0.0
        ],
        [
            0.0,
            0.0,
            0.00468609325
        ]
    ],
    "measurement noise (R)": [
        [
            -0.000203809
        ]
    ],
    "initial state covariance matrix (P)": [
        [
            0.00101,
            0.0,
            0.0
        ],
        [
            0.0,
            0.00222,
            0.0
        ],
        [
            0.0,
            0.0,
            0.00333
        ]
    ]
}