{
    "process noise (Q)": [
        [
            0.00125,
            0.0,
            0.0
        ],
        [
            0.0,
            0.000125,
            0.0
        ],
        [
            0.0,
            0.0,
            0.000125
        ]
    ],
    "measurement noise (R)": [
        [
            0.003
        ]
    ],
    "initial state covariance matrix (P)": [
        [
            0.00101,
            0.0,
            0.0
        ],
        [
            0.0,
            0.00222,
            0.0
        ],
        [
            0.0,
            0.0,
            0.00333
        ]
    ]
}00333
        ]
    ]
}