{
    "q1": 0.00125,
    "q5": 0.000125,
    "q9": 0.000125,
    "r": 0.003,
    "p1": 0.00101,
    "p5": 0.00222,
    "p9": 0.00333,
    "adaptive_threshold": 0.1,
    "adaptive_scale_factor": 10.0,
    "optimized_Q1": 0.00961976032704115,
    "optimized_Q5": 0.001488372916355729,
    "optimized_Q9": 0.0005910114268772304,
    "optimized_R": 0.002379312179982662,
    "optimized_P1": 0.030850384384393692,
    "optimized_P5": 0.017137715592980385,
    "optimized_P9": 0.01606913097202778,
    "optimized_adaptive_threshold": 0.10000000149011612,
    "optimized_adaptive_scale_factor": 10.048731803894043,
    "final_loss": 0.0002366130454760039
}