{
    "process noise (Q)": [
        [
            0.12982292969,
            0.0,
            0.0
        ],
        [
            0.0,
            0.00624972536,
            0.0
        ],
        [
            0.0,
            0.0,
            4.272533e-05
        ]
    ],
    "measurement noise (R)": [
        [
            0.01286076879
        ]
    ],
    "initial state covariance matrix (P)": [
        [
            0.00101,
            0.0,
            0.0
        ],
        [
            0.0,
            0.00222,
            0.0
        ],
        [
            0.0,
            0.0,
            0.00333
        ]
    ]
}