{
    "process noise (Q)": [
        [
            1e-09,
            0.0,
            0.0
        ],
        [
            0.0,
            1.0131301249,
            0.0
        ],
        [
            0.0,
            0.0,
            2.455422449
        ]
    ],
    "measurement noise (R)": [
        [
            0.1074886036
        ]
    ],
    "initial state covariance matrix (P)": [
        [
            0.00101,
            0.0,
            0.0
        ],
        [
            0.0,
            0.00222,
            0.0
        ],
        [
            0.0,
            0.0,
            0.00333
        ]
    ]
}