{
    "q1": 0.00125,
    "q5": 0.000125,
    "q9": 0.000125,
    "r": 0.003,
    "p1": 0.00101,
    "p5": 0.00222,
    "p9": 0.00333,
    "optimized_Q1": 0.021865904331207275,
    "optimized_Q5": 0.0007578299264423549,
    "optimized_Q9": 0.0,
    "optimized_R": 0.007758909836411476,
    "optimized_P1": 0.0010100000072270632,
    "optimized_P5": 0.002219999907538295,
    "optimized_P9": 0.003329999977722764,
    "final_loss": 0.00032495776928142297
}