{
    "process noise (Q)": [
        [
            3.5770134e-06,
            0.0,
            0.0
        ],
        [
            0.0,
            0.00129352313,
            0.0
        ],
        [
            0.0,
            0.0,
            0.0045280227
        ]
    ],
    "measurement noise (R)": [
        [
            0.00048491142
        ]
    ],
    "initial state covariance matrix (P)": [
        [
            0.00101,
            0.0,
            0.0
        ],
        [
            0.0,
            0.00222,
            0.0
        ],
        [
            0.0,
            0.0,
            0.00333
        ]
    ]
}