{
    "process noise (Q)": [
        [
            0.00066362471,
            0.0,
            0.0
        ],
        [
            0.0,
            0.00028453914,
            0.0
        ],
        [
            0.0,
            0.0,
            0.00445499446
        ]
    ],
    "measurement noise (R)": [
        [
            0.00124919674
        ]
    ],
    "initial state covariance matrix (P)": [
        [
            0.00101,
            0.0,
            0.0
        ],
        [
            0.0,
            0.00222,
            0.0
        ],
        [
            0.0,
            0.0,
            0.00333
        ]
    ]
}