{
    "process noise (Q)": [
        [
            0.00290881644,
            0.0,
            0.0
        ],
        [
            0.0,
            0.00413130333,
            0.0
        ],
        [
            0.0,
            0.0,
            0.00266488864
        ]
    ],
    "measurement noise (R)": [
        [
            0.00135410589
        ]
    ],
    "initial state covariance matrix (P)": [
        [
            0.00101,
            0.0,
            0.0
        ],
        [
            0.0,
            0.00222,
            0.0
        ],
        [
            0.0,
            0.0,
            0.00333
        ]
    ]
}