{
    "process noise (Q)": [
        [
            0.00062825186,
            0.0,
            0.0
        ],
        [
            0.0,
            0.00111585294,
            0.0
        ],
        [
            0.0,
            0.0,
            0.00444064372
        ]
    ],
    "measurement noise (R)": [
        [
            -0.0002198341
        ]
    ],
    "initial state covariance matrix (P)": [
        [
            0.00101,
            0.0,
            0.0
        ],
        [
            0.0,
            0.00222,
            0.0
        ],
        [
            0.0,
            0.0,
            0.00333
        ]
    ]
}