{
  "process noise (Q)": [
    [0.00011315593, 0.0, 0.0],
    [0.0, 2.9610663e-5, 0.0],
    [0.0, 0.0, 0.00456361369]
  ],
  "measurement noise (R)": [[8.2977396e-5]],
  "initial state covariance matrix (P)": [
    [0.00101, 0.0, 0.0],
    [0.0, 0.00222, 0.0],
    [0.0, 0.0, 0.00333]
  ]
}
