{
  "Q": [0.0005, 0.00005, 0.00005, 0.00005, 0.00005, 0.00005, 0.00005],
  "R": [0.02345],
  "P": [0.0101, 0.0222, 0.0333, 0.0444, 0.0555, 0.0666, 0.0777]
}
