{
    "process noise (Q)": [
        [
            0.05500513805,
            0.0,
            0.0
        ],
        [
            0.0,
            0.00071896082,
            0.0
        ],
        [
            0.0,
            0.0,
            1.489026e-23
        ]
    ],
    "measurement noise (R)": [
        [
            0.01896490922
        ]
    ],
    "initial state covariance matrix (P)": [
        [
            0.00101,
            0.0,
            0.0
        ],
        [
            0.0,
            0.00222,
            0.0
        ],
        [
            0.0,
            0.0,
            0.00333
        ]
    ]
}