{
  "process noise (Q)": [
    [-0.0187354139, 0.0, 0.0],
    [0.0, 0.07779359624, 0.0],
    [0.0, 0.0, 0.00876592957]
  ],
  "measurement noise (R)": [[0.02906252788]],
  "initial state covariance matrix (P)": [
    [0.00101, 0.0, 0.0],
    [0.0, 0.00222, 0.0],
    [0.0, 0.0, 0.00333]
  ],
  "initial state matrix (X0)": [[0.0694202], [-0.00617829], [0.006266787]]
}
