{
    "process noise (Q)": [
        [
            -8.061959e-05,
            0.0,
            0.0
        ],
        [
            0.0,
            0.00152491482,
            0.0
        ],
        [
            0.0,
            0.0,
            0.00400843114
        ]
    ],
    "measurement noise (R)": [
        [
            -6.681378e-05
        ]
    ],
    "initial state covariance matrix (P)": [
        [
            0.00101,
            0.0,
            0.0
        ],
        [
            0.0,
            0.00222,
            0.0
        ],
        [
            0.0,
            0.0,
            0.00333
        ]
    ]
}