{
    "process noise (Q)": [
        [
            0.99999672657,
            0.0,
            0.0
        ],
        [
            0.0,
            0.0233478736,
            0.0
        ],
        [
            0.0,
            0.0,
            5.868501e-24
        ]
    ],
    "measurement noise (R)": [
        [
            3.171581e-23
        ]
    ],
    "initial state covariance matrix (P)": [
        [
            0.00101,
            0.0,
            0.0
        ],
        [
            0.0,
            0.00222,
            0.0
        ],
        [
            0.0,
            0.0,
            0.00333
        ]
    ]
}