{
    "process noise (Q)": [
        [
            0.00070533276,
            0.0,
            0.0
        ],
        [
            0.0,
            0.00026832472,
            0.0
        ],
        [
            0.0,
            0.0,
            0.00417309384
        ]
    ],
    "measurement noise (R)": [
        [
            0.00124916345
        ]
    ],
    "initial state covariance matrix (P)": [
        [
            0.00101,
            0.0,
            0.0
        ],
        [
            0.0,
            0.00222,
            0.0
        ],
        [
            0.0,
            0.0,
            0.00333
        ]
    ]
}