{
    "process noise (Q)": [
        [
            0.00058191288,
            0.0,
            0.0
        ],
        [
            0.0,
            1e-38,
            0.0
        ],
        [
            0.0,
            0.0,
            0.00394813041
        ]
    ],
    "measurement noise (R)": [
        [
            0.00231338516
        ]
    ],
    "initial state covariance matrix (P)": [
        [
            0.00101,
            0.0,
            0.0
        ],
        [
            0.0,
            0.00222,
            0.0
        ],
        [
            0.0,
            0.0,
            0.00333
        ]
    ]
}