{
  "process noise (Q)": [
    [0.00109995305, 0.0, 0.0],
    [0.0, 5.6439729e-5, 0.0],
    [0.0, 0.0, 7.6843493e-5]
  ],
  "measurement noise (R)": [[0.00248113289]],
  "initial state covariance matrix (P)": [
    [0.00101, 0.0, 0.0],
    [0.0, 0.00222, 0.0],
    [0.0, 0.0, 0.00333]
  ],
  "initial state matrix (X0)": [[0.25], [-0.015], [-0.045]]
}
