{
  "process noise (Q)": [
    [0.00111651449, 0.0, 0.0],
    [0.0, 6.3817677e-5, 0.0],
    [0.0, 0.0, 8.1919638e-5]
  ],
  "measurement noise (R)": [[0.00254369611]],
  "initial state covariance matrix (P)": [
    [0.00101, 0.0, 0.0],
    [0.0, 0.00222, 0.0],
    [0.0, 0.0, 0.00333]
  ],
  "initial state matrix (X0)": [[0.25], [-0.015], [-0.045]]
}
