{
    "q1": 0.00070531606,
    "q5": 0.00026831817,
    "q9": 0.00417308787,
    "r": 0.00124919674,
    "optimized_Q1": 0.0,
    "optimized_Q5": 0.0,
    "optimized_Q9": 0.004802481736987829,
    "optimized_R": 0.3577363193035126,
    "final_loss": 0.003840824514388894
}