{
    "process noise (Q)": [
        [
            -6.88029e-05,
            0.0,
            0.0
        ],
        [
            0.0,
            0.00160309176,
            0.0
        ],
        [
            0.0,
            0.0,
            0.00469915869
        ]
    ],
    "measurement noise (R)": [
        [
            -0.0001865096
        ]
    ],
    "initial state covariance matrix (P)": [
        [
            0.00101,
            0.0,
            0.0
        ],
        [
            0.0,
            0.00222,
            0.0
        ],
        [
            0.0,
            0.0,
            0.00333
        ]
    ]
}