{
    "q1": 0.00070531606,
    "q5": 0.00026831817,
    "q9": 0.00417308787,
    "r": 0.00124919674,
    "p1": 0.00101,
    "p5": 0.00222,
    "p9": 0.00333,
    "adaptive_threshold": 0.1,
    "adaptive_scale_factor": 10.0,
    "optimized_Q1": 0.000705316080711782,
    "optimized_Q5": 0.0002683181664906442,
    "optimized_Q9": 0.004173087887465954,
    "optimized_R": 0.001249196706339717,
    "optimized_P1": 0.0010100000072270632,
    "optimized_P5": 0.002219999907538295,
    "optimized_P9": 0.003329999977722764,
    "optimized_adaptive_threshold": 0.10000000149011612,
    "optimized_adaptive_scale_factor": 10.0,
    "final_loss": 1.45212337779373e-05
}