{
  "process noise (Q)": [
    [-0.0010918298, 0.0, 0.0],
    [0.0, 0.00918672114, 0.0],
    [0.0, 0.0, -0.0012371045]
  ],
  "measurement noise (R)": [[0.00488339685]],
  "initial state covariance matrix (P)": [
    [0.00101, 0.0, 0.0],
    [0.0, 0.00222, 0.0],
    [0.0, 0.0, 0.00333]
  ],
  "initial state matrix (X0)": [[0.0694202], [-0.00617829], [0.006266787]]
}
