{
    "process noise (Q)": [
        [
            0.00465927852,
            0.0,
            0.0
        ],
        [
            0.0,
            0.00564213833,
            0.0
        ],
        [
            0.0,
            0.0,
            0.00394769643
        ]
    ],
    "measurement noise (R)": [
        [
            0.00169398971
        ]
    ],
    "initial state covariance matrix (P)": [
        [
            0.00101,
            0.0,
            0.0
        ],
        [
            0.0,
            0.00222,
            0.0
        ],
        [
            0.0,
            0.0,
            0.00333
        ]
    ]
}