{
    "q1": 0.00070531606,
    "q5": 0.00026831817,
    "q9": 0.00417308787,
    "r": 0.00124919674,
    "optimized_Q1": 0.0,
    "optimized_Q5": 0.052598029375076294,
    "optimized_Q9": 0.06962417811155319,
    "optimized_R": 0.2342442274093628,
    "final_loss": 0.00012508542041955828
}