{
    "process noise (Q)": [
        [
            1e-38,
            0.0,
            0.0
        ],
        [
            0.0,
            0.00280812467,
            0.0
        ],
        [
            0.0,
            0.0,
            0.00316778156
        ]
    ],
    "measurement noise (R)": [
        [
            0.00343024613
        ]
    ],
    "initial state covariance matrix (P)": [
        [
            0.00101,
            0.0,
            0.0
        ],
        [
            0.0,
            0.00222,
            0.0
        ],
        [
            0.0,
            0.0,
            0.00333
        ]
    ]
}