{
    "process noise (Q)": [
        [
            0.00299221256,
            0.0,
            0.0
        ],
        [
            0.0,
            0.0046007925,
            0.0
        ],
        [
            0.0,
            0.0,
            0.00171669293
        ]
    ],
    "measurement noise (R)": [
        [
            0.00083852791
        ]
    ],
    "initial state covariance matrix (P)": [
        [
            0.00101,
            0.0,
            0.0
        ],
        [
            0.0,
            0.00222,
            0.0
        ],
        [
            0.0,
            0.0,
            0.00333
        ]
    ]
}