{
    "process noise (Q)": [
        [
            0.0004906603,
            0.0,
            0.0
        ],
        [
            0.0,
            0.00079880106,
            0.0
        ],
        [
            0.0,
            0.0,
            0.00360543051
        ]
    ],
    "measurement noise (R)": [
        [
            0.00153991668
        ]
    ],
    "initial state covariance matrix (P)": [
        [
            0.00101,
            0.0,
            0.0
        ],
        [
            0.0,
            0.00222,
            0.0
        ],
        [
            0.0,
            0.0,
            0.00333
        ]
    ]
}