{
    "q1": 0.00125,
    "q5": 0.000125,
    "q9": 0.000125,
    "r": 0.003,
    "optimized_Q1": 0.0,
    "optimized_Q5": 0.0,
    "optimized_Q9": 0.00640017120167613,
    "optimized_R": 0.4661291837692261,
    "final_loss": 0.003840780678497421
}