{
  "process noise (Q)": [
    [0.00203268304, 0.0, 0.0],
    [0.0, -6.029941e-5, 0.0],
    [0.0, 0.0, 0.00416356331]
  ],
  "measurement noise (R)": [[0.00209059087]],
  "initial state covariance matrix (P)": [
    [0.00101, 0.0, 0.0],
    [0.0, 0.00222, 0.0],
    [0.0, 0.0, 0.00333]
  ]
}
