{
    "process noise (Q)": [
        [
            -0.0001275078,
            0.0,
            0.0
        ],
        [
            0.0,
            0.0010129128,
            0.0
        ],
        [
            0.0,
            0.0,
            0.00486885053
        ]
    ],
    "measurement noise (R)": [
        [
            -8.644998e-05
        ]
    ],
    "initial state covariance matrix (P)": [
        [
            0.00101,
            0.0,
            0.0
        ],
        [
            0.0,
            0.00222,
            0.0
        ],
        [
            0.0,
            0.0,
            0.00333
        ]
    ]
}