{
  "process noise (Q)": [
    [1.2542776e-5, 0.0, 0.0],
    [0.0, 1e-6, 0.0],
    [0.0, 0.0, 1e-6]
  ],
  "measurement noise (R)": [[0.01059585292]],
  "initial state covariance matrix (P)": [
    [0.00101, 0.0, 0.0],
    [0.0, 0.00222, 0.0],
    [0.0, 0.0, 0.00333]
  ],
  "initial state matrix (X0)": [[0.25], [-0.015], [-0.045]]
}
