{
    "q1": 0.00125,
    "q5": 0.000125,
    "q9": 0.000125,
    "r": 0.003,
    "p1": 0.00101,
    "p5": 0.00222,
    "p9": 0.00333,
    "adaptive_threshold": 0.1,
    "adaptive_scale_factor": 10.0,
    "optimized_Q1": 0.0012499999720603228,
    "optimized_Q5": 0.0001250000059371814,
    "optimized_Q9": 0.0001250000059371814,
    "optimized_R": 0.003000000026077032,
    "optimized_P1": 0.0010100000072270632,
    "optimized_P5": 0.002219999907538295,
    "optimized_P9": 0.003329999977722764,
    "optimized_adaptive_threshold": 0.10000000149011612,
    "optimized_adaptive_scale_factor": 10.0,
    "final_loss": 1.313026172408746e-05
}