{
    "process noise (Q)": [
        [
            0.00070336486,
            0.0,
            0.0
        ],
        [
            0.0,
            0.00026672644,
            0.0
        ],
        [
            0.0,
            0.0,
            0.00422482944
        ]
    ],
    "measurement noise (R)": [
        [
            0.00107482962
        ]
    ],
    "initial state covariance matrix (P)": [
        [
            0.00101,
            0.0,
            0.0
        ],
        [
            0.0,
            0.00222,
            0.0
        ],
        [
            0.0,
            0.0,
            0.00333
        ]
    ]
}