{
    "q1": 0.00125,
    "q5": 0.000125,
    "q9": 0.000125,
    "r": 0.003,
    "p1": 0.00101,
    "p5": 0.00222,
    "p9": 0.00333,
    "adaptive_threshold": 0.1,
    "adaptive_scale_factor": 10.0,
    "optimized_Q1": 0.0061997221782803535,
    "optimized_Q5": 0.005311415996402502,
    "optimized_Q9": 0.005238379817456007,
    "optimized_R": 0.005992541555315256,
    "optimized_P1": 0.050840429961681366,
    "optimized_P5": 0.04738641902804375,
    "optimized_P9": 0.05244388058781624,
    "optimized_adaptive_threshold": 0.10000000149011612,
    "optimized_adaptive_scale_factor": 9.96853256225586,
    "final_loss": 0.00028999299485348007
}