{
    "process noise (Q)": [
        [
            0.00061682959,
            0.0,
            0.0
        ],
        [
            0.0,
            0.00028706492,
            0.0
        ],
        [
            0.0,
            0.0,
            0.00445482861
        ]
    ],
    "measurement noise (R)": [
        [
            4.770617e-05
        ]
    ],
    "initial state covariance matrix (P)": [
        [
            0.00101,
            0.0,
            0.0
        ],
        [
            0.0,
            0.00222,
            0.0
        ],
        [
            0.0,
            0.0,
            0.00333
        ]
    ]
}