{
    "process noise (Q)": [
        [
            0.02371202861,
            0.0,
            0.0
        ],
        [
            0.0,
            0.08579757644,
            0.0
        ],
        [
            0.0,
            0.0,
            1e-38
        ]
    ],
    "measurement noise (R)": [
        [
            1e-38
        ]
    ],
    "initial state covariance matrix (P)": [
        [
            0.00101,
            0.0,
            0.0
        ],
        [
            0.0,
            0.00222,
            0.0
        ],
        [
            0.0,
            0.0,
            0.00333
        ]
    ]
}