{
    "process noise (Q)": [
        [
            0.0005,
            0.0,
            0.0
        ],
        [
            0.0,
            0.0008,
            0.0
        ],
        [
            0.0,
            0.0,
            0.0036
        ]
    ],
    "measurement noise (R)": [
        [
            0.0015
        ]
    ],
    "initial state covariance matrix (P)": [
        [
            0.00101,
            0.0,
            0.0
        ],
        [
            0.0,
            0.00222,
            0.0
        ],
        [
            0.0,
            0.0,
            0.00333
        ]
    ]
}