{
    "process noise (Q)": [
        [
            -6.693048e-05,
            0.0,
            0.0
        ],
        [
            0.0,
            0.00153487179,
            0.0
        ],
        [
            0.0,
            0.0,
            0.00470644507
        ]
    ],
    "measurement noise (R)": [
        [
            -0.0002048873
        ]
    ],
    "initial state covariance matrix (P)": [
        [
            0.00101,
            0.0,
            0.0
        ],
        [
            0.0,
            0.00222,
            0.0
        ],
        [
            0.0,
            0.0,
            0.00333
        ]
    ]
}