{
  "process noise (Q)": [
    [-0.0022290056, 0.0, 0.0],
    [0.0, 0.02541342796, 0.0],
    [0.0, 0.0, -0.0030486752]
  ],
  "measurement noise (R)": [[0.0155632136]],
  "initial state covariance matrix (P)": [
    [0.00101, 0.0, 0.0],
    [0.0, 0.00222, 0.0],
    [0.0, 0.0, 0.00333]
  ],
  "initial state matrix (X0)": [[0.0694202], [-0.00617829], [0.006266787]]
}
