{
    "q1": 0.00125,
    "q5": 0.000125,
    "q9": 0.000125,
    "r": 0.003,
    "p1": 0.00101,
    "p5": 0.00222,
    "p9": 0.00333,
    "adaptive_threshold": 0.1,
    "adaptive_scale_factor": 10.0,
    "optimized_Q1": 0.008188657462596893,
    "optimized_Q5": 0.007947943173348904,
    "optimized_Q9": 0.008318355306982994,
    "optimized_R": 0.00838088896125555,
    "optimized_P1": 0.0750873014330864,
    "optimized_P5": 0.03631632402539253,
    "optimized_P9": 0.07072943449020386,
    "optimized_adaptive_threshold": 0.10000000149011612,
    "optimized_adaptive_scale_factor": 9.975214004516602,
    "final_loss": 0.00015369171535447264
}