{
    "process noise (Q)": [
        [
            -9.5e-05,
            0.0,
            0.0
        ],
        [
            0.0,
            0.0018,
            0.0
        ],
        [
            0.0,
            0.0,
            0.0035
        ]
    ],
    "measurement noise (R)": [
        [
            0.0013
        ]
    ],
    "initial state covariance matrix (P)": [
        [
            0.00101,
            0.0,
            0.0
        ],
        [
            0.0,
            0.00222,
            0.0
        ],
        [
            0.0,
            0.0,
            0.00333
        ]
    ]
}