{
    "q1": 0.00125,
    "q5": 0.000125,
    "q9": 0.000125,
    "r": 0.003,
    "p1": 0.00101,
    "p5": 0.00222,
    "p9": 0.00333,
    "optimized_Q1": 0.04800453409552574,
    "optimized_Q5": 0.0006439996650442481,
    "optimized_Q9": 2.8976246539968997e-05,
    "optimized_R": 0.01575399935245514,
    "optimized_P1": 0.0010100000072270632,
    "optimized_P5": 0.002219999907538295,
    "optimized_P9": 0.003329999977722764,
    "final_loss": 0.0002439691395731625
}