{
    "process noise (Q)": [
        [
            0.0007,
            0.0,
            0.0
        ],
        [
            0.0,
            0.00027973829,
            0.0
        ],
        [
            0.0,
            0.0,
            0.00425061815
        ]
    ],
    "measurement noise (R)": [
        [
            0.00125
        ]
    ],
    "initial state covariance matrix (P)": [
        [
            0.00101,
            0.0,
            0.0
        ],
        [
            0.0,
            0.00222,
            0.0
        ],
        [
            0.0,
            0.0,
            0.00333
        ]
    ]
}