{
    "process noise (Q)": [
        [
            0.14372049774,
            0.0,
            0.0
        ],
        [
            0.0,
            0.00698961505,
            0.0
        ],
        [
            0.0,
            0.0,
            6.3479016e-05
        ]
    ],
    "measurement noise (R)": [
        [
            0.01468608603
        ]
    ],
    "initial state covariance matrix (P)": [
        [
            0.00101,
            0.0,
            0.0
        ],
        [
            0.0,
            0.00222,
            0.0
        ],
        [
            0.0,
            0.0,
            0.00333
        ]
    ]
}