{
    "process noise (Q)": [
        [
            -6.869011e-05,
            0.0,
            0.0
        ],
        [
            0.0,
            0.00159883393,
            0.0
        ],
        [
            0.0,
            0.0,
            0.0046896496
        ]
    ],
    "measurement noise (R)": [
        [
            -0.0001859968
        ]
    ],
    "initial state covariance matrix (P)": [
        [
            0.00101,
            0.0,
            0.0
        ],
        [
            0.0,
            0.00222,
            0.0
        ],
        [
            0.0,
            0.0,
            0.00333
        ]
    ]
}