title,q1_initial,q5_initial,q9_initial,r_initial,q1_optimized,q5_optimized,q9_optimized,r_optimized,initial_objective_function,final_objective_function
observe ICSE - initial v1,0.00125,0.000125,0.000125,0.003,0.14372049774,0.00698961505,6.3479016e-05,0.01468608603,2.1742,1.503
observe E - initial v1,0.00125,0.000125,0.000125,0.003,7.1842049e-06,0.00241529678,0.00884846939,0.00092087725,0.24774,0.1842
observe ICSE - initial v2,0.0005,0.0008,0.004,0.0015,0.00070531606,0.00026831817,0.00417308787,0.00124919674,2.9428,2.141
observe E - initial v2,0.0005,0.0008,0.004,0.0015,3.5770134e-06,0.00129352313,0.0045280227,0.00048491142,0.19267,0.1842
