title,q1_initial,q1_optimized,q5_initial,q5_optimized,q9_initial,q9_optimized,r_initial,r_optimized,initial_objective_function,final_objective_function
15 points - initial params v2 - observing estimate only,0.0005,3.5770134e-06,0.0008,0.00129352313,0.004,0.0045280227,0.0015,0.00048491142,0.19267,0.1842
15 points - initial params v2,0.0005,0.00070531606,0.0008,0.00026831817,0.004,0.00417308787,0.0015,0.00124919674,2.9428,2.141
15 points - initial params v1,0.00125,0.14372049774,0.000125,0.00698961505,0.000125,6.3479016e-05,0.003,0.01468608603,2.1742,1.503
15 points - initial params v1 - observing estimate only,0.00125,7.1842049e-06,0.000125,0.00241529678,0.000125,0.00884846939,0.003,0.00092087725,0.24774,0.1842
