{
  "process noise (Q)": [
    [0.40582279134, 0.0, 0.0],
    [0.0, 0.0026330964, 0.0],
    [0.0, 0.0, 1.0]
  ],
  "measurement noise (R)": [[0.00161007078]],
  "initial state covariance matrix (P)": [
    [0.00101, 0.0, 0.0],
    [0.0, 0.00222, 0.0],
    [0.0, 0.0, 0.00333]
  ],
  "initial state matrix (X0)": [[0.25], [-0.015], [-0.045]]
}
