title,Q1,Q2,Q3,R
v1,0.00062888688,0.00111698687,0.00444025473,-0.0002198341
