{
    "Q1": 0.0012499999720603228,
    "Q5": 0.0001250000059371814,
    "Q9": 0.0001250000059371814,
    "R": 0.017093559727072716
}