{
    "process_noise": [
        [
            1.25e-05,
            0.0,
            0.0
        ],
        [
            0.0,
            1.25e-06,
            0.0
        ],
        [
            0.0,
            0.0,
            1.25e-06
        ]
    ],
    "measurement_noise": [
        [
            0.003
        ]
    ],
    "initial_state_covariance": [
        [
            0.00101,
            0.0,
            0.0
        ],
        [
            0.0,
            0.00222,
            0.0
        ],
        [
            0.0,
            0.0,
            0.00333
        ]
    ]
}