{
  "process noise (Q)": [
    [7.728145e-5, 0.0, 0.0],
    [0.0, 1.0308307e-5, 0.0],
    [0.0, 0.0, 1e-6]
  ],
  "measurement noise (R)": [[7.2931376e-5]],
  "initial state covariance matrix (P)": [
    [0.00101, 0.0, 0.0],
    [0.0, 0.00222, 0.0],
    [0.0, 0.0, 0.00333]
  ],
  "initial state matrix (X0)": [[0.25], [-0.015], [-0.045]]
}
