{
  "process noise (Q)": [
    [0.0044483755, 0.0, 0.0],
    [0.0, 7.352889e-5, 0.0],
    [0.0, 0.0, -0.0003874059]
  ],
  "measurement noise (R)": [[0.00021899314]],
  "initial state covariance matrix (P)": [
    [0.00101, 0.0, 0.0],
    [0.0, 0.00222, 0.0],
    [0.0, 0.0, 0.00333]
  ]
}
