{
    "process noise (Q)": [
        [
            1.3047579301,
            0.0,
            0.0
        ],
        [
            0.0,
            1.6275268479,
            0.0
        ],
        [
            0.0,
            0.0,
            1.2698000096
        ]
    ],
    "measurement noise (R)": [
        [
            1.5015235251
        ]
    ],
    "initial state covariance matrix (P)": [
        [
            0.00101,
            0.0,
            0.0
        ],
        [
            0.0,
            0.00222,
            0.0
        ],
        [
            0.0,
            0.0,
            0.00333
        ]
    ]
}