{
    "process noise (Q)": [
        [
            0.05678511012,
            0.0,
            0.0
        ],
        [
            0.0,
            0.00077184945,
            0.0
        ],
        [
            0.0,
            0.0,
            5.462701e-05
        ]
    ],
    "measurement noise (R)": [
        [
            0.02011600834
        ]
    ],
    "initial state covariance matrix (P)": [
        [
            0.00101,
            0.0,
            0.0
        ],
        [
            0.0,
            0.00222,
            0.0
        ],
        [
            0.0,
            0.0,
            0.00333
        ]
    ]
}