{
    "process noise (Q)": [
        [
            0.00066608631,
            0.0,
            0.0
        ],
        [
            0.0,
            0.00047129207,
            0.0
        ],
        [
            0.0,
            0.0,
            0.00453766547
        ]
    ],
    "measurement noise (R)": [
        [
            1e-09
        ]
    ],
    "initial state covariance matrix (P)": [
        [
            0.00101,
            0.0,
            0.0
        ],
        [
            0.0,
            0.00222,
            0.0
        ],
        [
            0.0,
            0.0,
            0.00333
        ]
    ]
}