{
    "process noise (Q)": [
        [
            5.0,
            0.0,
            0.0
        ],
        [
            0.0,
            0.53294043838,
            0.0
        ],
        [
            0.0,
            0.0,
            1e-09
        ]
    ],
    "measurement noise (R)": [
        [
            0.80920741026
        ]
    ],
    "initial state covariance matrix (P)": [
        [
            0.00101,
            0.0,
            0.0
        ],
        [
            0.0,
            0.00222,
            0.0
        ],
        [
            0.0,
            0.0,
            0.00333
        ]
    ]
}