{
    "q1": 0.00070531606,
    "q5": 0.00026831817,
    "q9": 0.00417308787,
    "r": 0.00124919674,
    "p1": 0.00101,
    "p5": 0.00222,
    "p9": 0.00333,
    "adaptive_threshold": 0.1,
    "adaptive_scale_factor": 10.0,
    "optimized_Q1": 0.007515928708016872,
    "optimized_Q5": 0.0051772501319646835,
    "optimized_Q9": 0.008695247583091259,
    "optimized_R": 0.005774065852165222,
    "optimized_P1": 0.06663403660058975,
    "optimized_P5": 0.04782801494002342,
    "optimized_P9": 0.0690988227725029,
    "optimized_adaptive_threshold": 0.10000000149011612,
    "optimized_adaptive_scale_factor": 9.95549488067627,
    "final_loss": 0.00026394516390506565
}