{
  "process noise (Q)": [
    [0.31817584622, 0.0, 0.0],
    [0.0, 0.77126446232, 0.0],
    [0.0, 0.0, 0.77126446232]
  ],
  "measurement noise (R)": [[0.012501]],
  "initial state covariance matrix (P)": [
    [0.00101, 0.0, 0.0],
    [0.0, 0.00222, 0.0],
    [0.0, 0.0, 0.00333]
  ],
  "initial state matrix (X0)": [[0.25], [-0.015], [-0.045]]
}
