{
    "process noise (Q)": [
        [
            0.0006209669,
            0.0,
            0.0
        ],
        [
            0.0,
            0.00028904344,
            0.0
        ],
        [
            0.0,
            0.0,
            0.00448251294
        ]
    ],
    "measurement noise (R)": [
        [
            4.8032318e-05
        ]
    ],
    "initial state covariance matrix (P)": [
        [
            0.00101,
            0.0,
            0.0
        ],
        [
            0.0,
            0.00222,
            0.0
        ],
        [
            0.0,
            0.0,
            0.00333
        ]
    ]
}