{
    "process noise (Q)": [
        [
            1e-09,
            0.0,
            0.0
        ],
        [
            0.0,
            1.6999110042,
            0.0
        ],
        [
            0.0,
            0.0,
            4.1214381534
        ]
    ],
    "measurement noise (R)": [
        [
            0.18039511883
        ]
    ],
    "initial state covariance matrix (P)": [
        [
            0.00101,
            0.0,
            0.0
        ],
        [
            0.0,
            0.00222,
            0.0
        ],
        [
            0.0,
            0.0,
            0.00333
        ]
    ]
}