{
    "process noise (Q)": [
        [
            -5.9e-05,
            0.0,
            0.0
        ],
        [
            0.0,
            0.002,
            0.0
        ],
        [
            0.0,
            0.0,
            0.004
        ]
    ],
    "measurement noise (R)": [
        [
            0.00135
        ]
    ],
    "initial state covariance matrix (P)": [
        [
            0.00101,
            0.0,
            0.0
        ],
        [
            0.0,
            0.00222,
            0.0
        ],
        [
            0.0,
            0.0,
            0.00333
        ]
    ]
}