{
    "q1": 0.00070531606,
    "q5": 0.00026831817,
    "q9": 0.00417308787,
    "r": 0.00124919674,
    "p1": 0.00101,
    "p5": 0.00222,
    "p9": 0.00333,
    "optimized_Q1": 0.005826462991535664,
    "optimized_Q5": 0.0013782980386167765,
    "optimized_Q9": 0.01938907615840435,
    "optimized_R": 0.010114820674061775,
    "optimized_P1": 0.0010100000072270632,
    "optimized_P5": 0.002219999907538295,
    "optimized_P9": 0.003329999977722764,
    "final_loss": 0.0005846753943095083
}