{
  "process noise (Q)": [
    [0.00764701576, 0.0, 0.0],
    [0.0, 0.00139224287, 0.0],
    [0.0, 0.0, -0.000193376]
  ],
  "measurement noise (R)": [[-0.0078955942]],
  "initial state covariance matrix (P)": [
    [0.00101, 0.0, 0.0],
    [0.0, 0.00222, 0.0],
    [0.0, 0.0, 0.00333]
  ],
  "initial state matrix (X0)": [[0.29170171], [0.08117568], [0.09905824]]
}
