{
  "process noise (Q)": [
    [0.00924281662, 0.0, 0.0],
    [0.0, 0.00405114291, 0.0],
    [0.0, 0.0, -0.0003545663]
  ],
  "measurement noise (R)": [[0.03133276454]],
  "initial state covariance matrix (P)": [
    [0.00101, 0.0, 0.0],
    [0.0, 0.00222, 0.0],
    [0.0, 0.0, 0.00333]
  ]
}
