{
  "process noise (Q)": [
    [1.3165604552, 0.0, 0.0],
    [0.0, 1.6105564657, 0.0],
    [0.0, 0.0, 1.2001349199]
  ],
  "measurement noise (R)": [[1.5655738427]],
  "initial state covariance matrix (P)": [
    [0.00101, 0.0, 0.0],
    [0.0, 0.00222, 0.0],
    [0.0, 0.0, 0.00333]
  ]
}
