{
    "q1": 0.00070531606,
    "q5": 0.00026831817,
    "q9": 0.00417308787,
    "r": 0.00124919674,
    "optimized_Q1": 0.10662326961755753,
    "optimized_Q5": 0.00301386252976954,
    "optimized_Q9": 0.0,
    "optimized_R": 0.02058960683643818,
    "final_loss": 0.0003243805265338315
}