{
    "process_noise": [
        [
            0.00125,
            0.0,
            0.0
        ],
        [
            0.0,
            0.000125,
            0.0
        ],
        [
            0.0,
            0.0,
            0.000125
        ]
    ],
    "measurement_noise": [
        [
            0.003
        ]
    ],
    "initial_state_covariance": [
        [
            0.00101,
            0.0,
            0.0
        ],
        [
            0.0,
            0.00222,
            0.0
        ],
        [
            0.0,
            0.0,
            0.00333
        ]
    ]
}