{
    "process noise (Q)": [
        [
            0.08029657857,
            0.0,
            0.0
        ],
        [
            0.0,
            0.03822073131,
            0.0
        ],
        [
            0.0,
            0.0,
            0.00091563198
        ]
    ],
    "measurement noise (R)": [
        [
            0.31687390698
        ]
    ],
    "initial state covariance matrix (P)": [
        [
            0.00101,
            0.0,
            0.0
        ],
        [
            0.0,
            0.00222,
            0.0
        ],
        [
            0.0,
            0.0,
            0.00333
        ]
    ]
}