{
    "process noise (Q)": [
        [
            -9.529976e-05,
            0.0,
            0.0
        ],
        [
            0.0,
            0.00184460727,
            0.0
        ],
        [
            0.0,
            0.0,
            0.00351395594
        ]
    ],
    "measurement noise (R)": [
        [
            0.00133986452
        ]
    ],
    "initial state covariance matrix (P)": [
        [
            0.00101,
            0.0,
            0.0
        ],
        [
            0.0,
            0.00222,
            0.0
        ],
        [
            0.0,
            0.0,
            0.00333
        ]
    ]
}