{
    "process noise (Q)": [
        [
            7.1842049e-06,
            0.0,
            0.0
        ],
        [
            0.0,
            0.00241529678,
            0.0
        ],
        [
            0.0,
            0.0,
            0.00884846939
        ]
    ],
    "measurement noise (R)": [
        [
            0.00092087725
        ]
    ],
    "initial state covariance matrix (P)": [
        [
            0.00101,
            0.0,
            0.0
        ],
        [
            0.0,
            0.00222,
            0.0
        ],
        [
            0.0,
            0.0,
            0.00333
        ]
    ]
}